Email,Password,SignInUrl,FirstName,lastName,CheapoairMyInfoUrl,MyCoTravelerUrl,ExpectedErrorMsgForFirstname,ExpectedErrorMsgForLastname
raja@gmail.com,bulletraja,http://www.cheapoair.com/profiles/#/user-signin, rbind!,  Berma@,http://www.cheapoair.com/profiles/#/my-account/my-details,http://www.cheapoair.com/profiles/#/my-account/my-co-travelers,Name must begin with a letter.,Name must begin with a letter.
raja@gmail.com,bulletraja,http://www.cheapoair.com/profiles/#/user-signin,rbinJKJKJKJKJKJKJKJKJKJKJKJKJKJKJKJKJKJKJKJKJKJKJKJKJKJKJKJKJKJKJKJKJKJKJKJKJKJKJKJKJKJKJKJ,Ber-ma,http://www.cheapoair.com/profiles/#/my-account/my-details,http://www.cheapoair.com/profiles/#/my-account/my-co-travelers,Firstname must be between 2 and 25 characters in length.,No Error
raja@gmail.com,bulletraja,http://www.cheapoair.com/profiles/#/user-signin,arbind,Berma,http://www.cheapoair.com/profiles/#/my-account/my-details,http://www.cheapoair.com/profiles/#/my-account/my-co-travelers,No Error,No Error
raja@gmail.com,bulletraja,http://www.cheapoair.com/profiles/#/user-signin,arbind!,@erma,http://www.cheapoair.com/profiles/#/my-account/my-details,http://www.cheapoair.com/profiles/#/my-account/my-co-travelers,"Name can only contain apostrophe, space or hyphen.",Name must begin with a letter.
raja@gmail.com,bulletraja,http://www.cheapoair.com/profiles/#/user-signin, rbind!, Berma@,http://www.cheapoair.com/profiles/#/my-account/my-details,http://www.cheapoair.com/profiles/#/my-account/my-co-travelers,"Name can only contain apostrophe, space or hyphen.","Name can only contain apostrophe, space or hyphen."
raja@gmail.com,bulletraja,http://www.cheapoair.com/profiles/#/user-signin,rbind's#,Ber-ma,http://www.cheapoair.com/profiles/#/my-account/my-details,http://www.cheapoair.com/profiles/#/my-account/my-co-travelers,"Name can only contain apostrophe, space or hyphen.",No Error
raja@gmail.com,bulletraja,http://www.cheapoair.com/profiles/#/user-signin,arbind's,Berma,http://www.cheapoair.com/profiles/#/my-account/my-details,http://www.cheapoair.com/profiles/#/my-account/my-co-travelers,Name must begin with a letter.,No Error
raja@gmail.com,bulletraja,http://www.cheapoair.com/profiles/#/user-signin,, Berma,http://www.cheapoair.com/profiles/#/my-account/my-details,http://www.cheapoair.com/profiles/#/my-account/my-co-travelers,Please enter first name,No Error
raja@gmail.com,bulletraja,http://www.cheapoair.com/profiles/#/user-signin,rbind's,,http://www.cheapoair.com/profiles/#/my-account/my-details,http://www.cheapoair.com/profiles/#/my-account/my-co-travelers,Name must begin with a letter.,Please enter last name
