Email,Password,FirstName,lastName,MyInformationUrl,MyCoTravelerUrl,ExpectedErrorMsgForFirstname,ExpectedErrorMsgForLastname,OverViewUrl
raja@gmail.com,bulletraja, rbind!,  Berma@,//www.cheapoair.com/profiles/#/my-account/my-details,//www.cheapoair.com/profiles/#/my-account/my-co-travelers,"Name can only contain apostrophe, space or hyphen.","Name can only contain apostrophe, space or hyphen.",//www.cheapoair.com/profiles/#/overview
raja@gmail.com,bulletraja,rbinJKJKJKJKJKJKJKJKJKJKJKJKJKJKJKJKJKJKJKJKJKJKJKJKJKJKJKJKJKJKJKJKJKJKJKJKJKJKJKJKJKJKJKJ,Ber-ma,//www.cheapoair.com/profiles/#/my-account/my-details,//www.cheapoair.com/profiles/#/my-account/my-co-travelers,Firstname must be between 2 and 25 characters in length.,No Error,//www.cheapoair.com/profiles/#/overview
raja@gmail.com,bulletraja,arbind,Berma,//www.cheapoair.com/profiles/#/my-account/my-details,//www.cheapoair.com/profiles/#/my-account/my-co-travelers,No Error,No Error,//www.cheapoair.com/profiles/#/overview
raja@gmail.com,bulletraja,arbind!,@erma,//www.cheapoair.com/profiles/#/my-account/my-details,//www.cheapoair.com/profiles/#/my-account/my-co-travelers,"Name can only contain apostrophe, space or hyphen.",Name must begin with a letter.,//www.cheapoair.com/profiles/#/overview
raja@gmail.com,bulletraja, rbind!, Berma@,//www.cheapoair.com/profiles/#/my-account/my-details,//www.cheapoair.com/profiles/#/my-account/my-co-travelers,"Name can only contain apostrophe, space or hyphen.","Name can only contain apostrophe, space or hyphen.",//www.cheapoair.com/profiles/#/overview
raja@gmail.com,bulletraja,rbind's#,Ber-ma,//www.cheapoair.com/profiles/#/my-account/my-details,//www.cheapoair.com/profiles/#/my-account/my-co-travelers,"Name can only contain apostrophe, space or hyphen.",No Error,//www.cheapoair.com/profiles/#/overview
raja@gmail.com,bulletraja,arbind's,Berma,//www.cheapoair.com/profiles/#/my-account/my-details,//www.cheapoair.com/profiles/#/my-account/my-co-travelers,Name must begin with a letter.,No Error,//www.cheapoair.com/profiles/#/overview
raja@gmail.com,bulletraja,, Berma,//www.cheapoair.com/profiles/#/my-account/my-details,//www.cheapoair.com/profiles/#/my-account/my-co-travelers,Please enter first name,No Error,//www.cheapoair.com/profiles/#/overview
raja@gmail.com,bulletraja,rbind's,,//www.cheapoair.com/profiles/#/my-account/my-details,//www.cheapoair.com/profiles/#/my-account/my-co-travelers,Name must begin with a letter.,Please enter last name,//www.cheapoair.com/profiles/#/overview
